subject_id,group,driving_experience_y,condition,brake_reaction_time_s,hr_mean_bpm,hr_sd_bpm,ibi_mean_ms,sdnn_ms,rmssd_ms,pnn50_pct,lf_power,hf_power,lf_hf_ratio,poincare_sd1_ms,poincare_sd2_ms,blink_count,blink_rate_per_min,blink_duration_mean_ms,fixation_count,fixation_duration_mean_ms,fixation_total_duration_s,fixation_time_ratio_pct,fixation_sample_count,saccade_count,saccade_duration_mean_ms,gap_count,pupil_diameter_mean_mm,pupil_diameter_sd_mm,gaze_velocity_mean_deg_s,gaze_velocity_max_deg_s,gaze_velocity_sd_deg_s,gaze_x_mean_pct,gaze_x_sd_pct,gaze_y_mean_pct,gaze_y_sd_pct
P01,YE,8,0-back,1.556,69.96,9.75,857.805,58.2661,30.49785,11.1137,0.01065,0.0024,4.3776,21.61675,79.66945,6,2.005,114.5,24.5,233.09,5.7415,65.995,9214,57.5,32.87,996,4.6595,0.37835,51.7556,1273.8465,138.5498,49.56,19.2,51.9,16.75
P01,YE,8,1-back,1.682,69.805,11.52,859.875,52.6011,33.67665,5.28095,0.0164,0.0073,2.14285,23.8683,70.41275,5,1.49,153.2,25,301.4,7.535,70.51,510,77,22.43,329,4.7396,0.221,46.9133,891.0854,140.8608,24.96,32.62,21.34,29.56
P01,YE,8,2-back,2.875,68.46,8.3,876.425,38.50965,27.21665,7.67815,0.00765,0.0036,2.4422,19.29095,50.7669,8,2.38,120.75,47,302.51,14.218,72.17,8685,129,25.22,1498,4.6082,0.1661,57.2234,1288.8094,166.2844,46.98,24.42,48.76,21.62
P01,YE,8,baseline,1.3125,72.74,27.84,825.015,48.24805,24.954,4.71675,0.00755,0.0021,3.74735,17.6848,65.9997,17,5.07,151.94,38,353.85,12.681,76.64,20743,79,36.61,249.5,4.4297,0.4077,38.2994,904.47135,107.31815,41.03,17.88,55.85,23.34
P02,YE,8,0-back,1.556,60.56,9.75,990.82,261.5222,252.9654,41.6667,0.0088,0.0054,1.6179,179.3461,319.9051,21,7.03,173.86,278,250.82,69.729,77.24,4484,461,28.1,1109,4.0117,0.3101,22.9448,808.7808,55.5773,43.7,14.38,55.9,19.18
P02,YE,8,1-back,1.682,48.41,11.52,1239.41,958.2979,957.7678,66.9014,0.0099,0.0058,1.727,679.616,1173.2772,17,5.69,199.18,339,333.45,113.04,85.99,8432,510,26.15,1207,4.516,0.3694,15.5446,1014.1084,37.9958,46.72,20.02,51.66,22.49
P02,YE,8,2-back,1.938,74.36,8.3,806.9,83.639,60.7183,19.1781,0.0332,0.0058,5.6758,43.0148,108.8976,33,11.05,155.48,282,426.11,120.162,88.37,1696,488,23.04,634,4.3397,0.4791,14.2845,1212.166,46.3477,35.31,18.75,51.85,27.72
P02,YE,8,baseline,1.785,61.3,27.84,978.75,297.2282,396.1027,59.3407,0.0411,0.084,0.4894,280.8619,313.2019,20,6.7,164.1,227,273.39,62.06,82.19,640,331,27.94,119,3.6855,0.4277,20.4234,893.8173,56.8416,45.85,8.47,65.1,13.4
P03,EE,10,0-back,1.556,64.91,12.75,924.42,345.1246,297.1806,19.0722,0.0004,0.0002,1.7248,210.681,441.2625,86,28.5,143.66,312,374.61,116.879,82.11,9250,567,32.78,773,3.8389,0.2402,31.0567,2520.0652,114.5213,47,14.32,48.28,16.05
P03,EE,10,1-back,2.875,65.38,9.1,917.76,281.4612,303.7535,25.641,0.0447,0.0145,3.0912,215.3365,333.9787,85,28.17,133.94,334,367.48,122.737,81.3,10902,599,34.1,867,4.3347,0.4808,31.8859,2097.1077,115.1365,47.63,13.91,49.15,14.16
P03,EE,10,2-back,2.875,62.5,18.64,959.97,76.1599,80.1598,22.9947,0.0163,0.0169,0.9639,56.8343,91.6466,43,14.25,130.21,231,460.38,106.348,85.1,20313,450,27.38,1919,4.6145,0.4338,29.7836,3499.2967,122.5906,31.57,25.17,33.16,26.62
P03,EE,10,baseline,2.145,68.06,24.34,881.6,68.8146,47.3748,12.2549,0.0133,0.0097,1.3796,33.5817,91.561,83,27.51,147.81,361,314.68,113.599,79.47,3465,612,36.88,454,3.7763,0.3022,37.0695,2912.2948,125.0855,45.43,17.09,46.38,17.9
P04,EE,10,0-back,0.572,79.73,12.75,752.51,53.465,38.5051,18.1287,0.008,0.0089,0.8991,27.2672,70.6317,11,2.55,139.36,10,187,1.87,66.67,1229,13,19.15,9,4.175,0.1113,10.2151,89.5717,20.3838,49.46,4.15,50.94,4.75
P04,EE,10,1-back,1.682,76.56,9.1,783.65,53.4455,41.4903,23.7805,0.0407,0.0234,1.7411,29.383,69.754,5,1.16,113.6,9,190.56,1.715,56.91,600,22,24.32,0,4.11,0.2213,27.4222,345.6284,55.9235,50.31,0.7,52.23,1.22
P04,EE,10,2-back,1.938,80.34,18.64,746.78,48.1263,33.7697,12.2093,0.015,0.0197,0.7576,23.9107,63.4266,2177,,,4,425,1.7,80.95,4153,10,21.8,2177,4.4689,0.2289,24.5377,728.8706,90.9265,28.8,27.57,28.58,26.91
P04,EE,10,baseline,2.145,77.68,24.34,772.4,50.7841,38.5853,20.4204,0.0193,0.0211,0.914,27.3246,66.2839,77,,,1288,,,,1395,30,,77,,,7.04,,,48.25,11.08,48.3,10.72
P05,EE,10,0-back,1.625,75.04,12.75,799.59,36.9983,21.2497,2.139,0.0223,0.0037,6.062,15.0654,50.1987,11,4.38,127.36,200,248.68,49.736,67.35,600,337,25.12,0,3.5605,0.2713,36.0462,1334.905,102.5941,49.43,0.45,50.7,0.49
P05,EE,10,1-back,1.682,81.84,9.1,733.14,47.7676,18.4868,0.4902,0.0042,0.0017,2.5214,13.0995,65.6803,39,15.52,177.79,249,267.47,66.599,57.98,1690,509,22.12,106,4.2882,0.5451,52.3382,1263.7927,135.6786,48.91,12.7,49.78,12.12
P05,EE,10,2-back,1.938,76.63,18.64,782.94,58.7529,22.2275,3.1414,0.0113,0.0033,3.385,15.7391,80.621,66,26.26,169.68,168,189.67,31.864,48.86,642,471,26.41,566,4.5756,0.326,57.2978,1125.9961,132.9231,6.79,17.28,7.26,18.53
P05,EE,10,baseline,2.145,76.7,24.34,782.25,60.1339,24.2352,3.1414,0.0214,0.0065,3.285,17.1707,82.7611,32,12.73,178.16,247,299.39,73.949,77.39,3707,392,30.83,397,3.9255,0.2852,29.2887,1048.9111,85.0908,49.83,15.87,45.52,15.74
P06,EN,2,0-back,1.563,77.09,9.68,778.315,38.26675,30.0819,8.9797,0.0327,0.01985,1.59215,21.3132,49.84415,33,9.205,133.67,104.5,221.17,25.664,50.71,125,425.5,23.625,1,3.3255,0.31615,37.58485,695.96665,77.1083,57.49,7.95,42.25,1.78
P06,EN,2,1-back,1.682,76.16,14.25,788.11,97.32325,93.7993,9.88515,0.03645,0.01475,2.7202,66.43965,120.2321,18,4.56,142.64,88.5,281.52,21.8695,64.465,9804,238.5,23.81,458,3.35725,0.2756,25.5369,501.6804,51.1741,48.32,11.74,51.98,11.32
P06,EN,2,2-back,1.938,78.01,21.16,769.135,60.6527,55.36295,9.72325,0.033,0.01435,2.3417,39.21455,75.9694,60,14.11,148.83,98,270.64,26.523,65.81,255,130,28.32,19,3.4252,0.3367,33.4899,1081.1383,78.7981,41.83,11.59,10.18,15.6
P06,EN,2,baseline,2.224,76.6,5.77,783.475,35.2042,28.7259,7.25015,0.0263,0.01565,1.6476,20.3518,45.18495,40.5,10.57,154.32,76,165.84,13.1645,51.72,42097,266,23.145,417,2.93085,0.26875,30.5294,604.52935,60.2222,44.6,18.21,58.09,23.21
P07,EN,2,0-back,1.556,79.6,9.68,753.76,47.5404,28.9737,9.0909,0.0348,0.0111,3.1296,20.5345,64.1809,2,0.72,166.5,7,107,0.749,67.74,4838,6,16.67,680,4.3076,0.3098,17.4561,213.2988,39.7108,44.83,13.89,54.16,18.27
P07,EN,2,1-back,,76,,789.49,52.0882,34.0094,11.9048,0.0357,0.0055,6.4845,24.1056,69.7616,1,0.36,266,2,83.5,0.167,55.56,,1,50,,4.129,0.1873,14.9562,47.1842,17.8273,,,,
P07,EN,2,2-back,1.938,78.59,21.16,763.45,53.8571,29.9491,5.53,0.0239,0.0111,2.1576,21.211,70.4814,4,1.44,162.25,11,224.27,2.467,71.84,5499,24,17.42,2382,4.9083,0.2117,18.0072,619.9943,57.5157,42.22,24.91,50.52,28.57
P07,EN,2,baseline,2.224,81.33,5.77,737.7,57.2303,32.2685,8.8889,0.0255,0.008,3.1916,22.8684,77.7935,3,1.08,200.33,8,302,2.416,85.06,648,7,28.71,79,4.2003,0.1458,12.0495,253.4772,29.0354,44,14.31,56.73,19.88
P08,EE,10,0-back,0.572,74.22,7.05,808.45,34.1019,18.8273,0.6494,0.0091,0.0035,2.5843,13.3347,46.4038,50,12,181.96,674,272.58,183.721,78.82,20463,1030,28.19,1676,4.4308,0.2646,27.4137,965.5909,74.2796,48.25,13.13,51.7,13
P08,EE,10,1-back,1.682,75.42,12.03,795.58,36.6204,16.8913,0.3205,0.0073,0.0018,4.0386,11.9629,50.3424,55,13.2,147.85,647,257.25,166.442,73.91,16504,990,31.64,2204,4.3132,0.3167,34.5339,1034.5439,80.9306,45.29,16.61,48.36,17.65
P08,EE,10,2-back,1.938,76.21,7.3,787.33,34.6859,18.1633,1.2658,0.0115,0.0032,3.5973,12.8599,47.071,57,13.68,171.05,640,265.3,169.795,71.99,16584,978,31.01,1919,4.2016,0.3448,37.1101,1362.3528,87.9938,46.12,14.66,49.45,16.13
P08,EE,10,baseline,2.145,73.17,25.86,819.97,49.5411,25.8914,4.2763,0.0037,0.0043,0.8607,18.3381,67.7082,28,6.72,177.39,595,292.05,173.768,80.59,82971,927,25.54,214,4.3492,0.3119,22.4819,975.8903,60.4113,47.9,14.1,51.85,15.73
P09,EE,15,0-back,0.572,97.34,7.05,616.41,25.6382,25.0522,1.1864,0.0047,0.0051,0.9175,17.7296,31.6512,20,3.29,165.75,110,3075.7,338.327,98.29,20463,149,28.98,1676,4.1531,0.2076,6.3278,1534.7248,39.0936,48.25,13.13,51.7,13
P09,EE,15,1-back,1.682,98.21,12.03,610.94,43.5627,34.9727,0.6723,0.0446,0.0149,2.9859,24.7503,56.4639,20,3.29,130.8,194,1779.55,345.233,96.1,16504,350,29.04,2204,4.1582,0.2614,8.1588,965.7158,36.616,45.29,16.61,48.36,17.65
P09,EE,15,2-back,1.938,93.72,7.3,640.23,255.8121,265.9533,7.2183,0.0394,0.0156,2.5194,188.2234,309.2958,23,3.78,134,261,1240.8,323.85,96.42,16584,335,27.56,1919,4.1368,0.2395,8.7751,2392.3547,54.7671,46.12,14.66,49.45,16.13
P09,EE,15,baseline,2.145,98.11,25.86,611.54,159.4331,139.4849,2.5253,0.0189,0.0032,5.8376,98.714,202.9262,21,3.45,110.43,245,1330.8,326.046,96.44,178,329,30.39,10,4.0962,0.3537,8.7143,1534.9878,48.5534,49.07,8.64,55.45,11.61
P10,EE,12,0-back,0.572,78.305,7.05,766.375,35.8485,19.65435,0.83335,0.0216,0.00455,4.59555,13.9312,48.7903,48,18.55,178.69,372,251.88,92.106,70.415,20463,652,24.455,1676,4.0019,0.2956,37.4059,935.5873,96.3698,48.25,13.13,51.7,13
P10,EE,12,1-back,1.682,77.645,12.03,772.735,39.58755,20.32115,1.2038,0.00765,0.00255,3.1286,14.403,54.0043,29,11.32,187.055,320.5,250.905,85.546,64.105,16504,599.5,22.485,2204,4.00825,0.3446,43.3502,1135.6719,113.10485,45.29,16.61,48.36,17.65
P10,EE,12,2-back,1.938,77.975,7.3,769.965,50.4813,20.9587,1.5867,0.0086,0.00365,2.09195,14.8478,69.10055,44.5,17.74,194.705,386,231.9,89.628,60.73,16584,742,21.155,1919,4.30355,0.2397,44.6382,1043.12335,116.6075,46.12,14.66,49.45,16.13
P10,EE,12,baseline,2.145,75.84,25.86,792.6,43.15125,23.19095,3.3968,0.03565,0.0114,4.23435,16.4313,58.04525,50,19.565,184.27,325.5,259.01,83.337,75.6,681,560.5,26.8,66,4.0051,0.31935,31.32755,1138.07465,92.718,47.82,14.68,51.41,15.84
P11,EE,14,0-back,0.572,88.26,7.05,679.8,163.3006,162.7246,5.3097,0.0361,0.0171,2.1052,115.3202,200.6627,18,6.99,126.72,97,1445.22,140.186,94.33,20463,184,32.1,1676,4.0192,0.3077,10.7746,990.0304,49.0941,48.25,13.13,51.7,13
P11,EE,14,1-back,1.682,96.31,12.03,622.96,111.2126,111.6734,5.6911,0.0507,0.0543,0.9329,79.1266,136.2936,34,13.21,105.35,110,1080.7,118.877,91.15,16504,234,37.48,2204,4.4737,0.3217,13.8696,1510.3109,59.0288,45.29,16.61,48.36,17.65
P11,EE,14,2-back,1.938,99.89,7.3,600.66,36.6101,32.1413,1.9608,0.0458,0.063,0.727,22.772,46.5318,25,9.71,116.68,130,859.95,111.794,89.78,16584,256,36.79,1919,4.5159,0.2854,16.1323,3076.0097,72.9755,46.12,14.66,49.45,16.13
P11,EE,14,baseline,1.3125,88.78,25.86,675.85,94.5271,94.7434,10.5727,0.0199,0.0114,1.7466,67.1423,115.8491,19,7.38,115.84,128,1087.27,139.17,91.58,2306,251,38.54,214,3.925,0.3641,15.2195,2698.2456,70.1566,47.98,14.46,52.78,21.14
P12,EN,1,0-back,1.229,74.03,7.85,810.92,36.97625,25.66565,6.10565,0.03165,0.0103,3.17825,18.18625,49.116,121.5,36.79,133.335,280,563.245,157.7115,88.42,6456,565.5,23.5,263,4.48505,0.2949,11.31135,1200.8356,35.916,48.46,9.81,49.4,9.71
P12,EN,1,1-back,1.682,75.29,3.49,796.975,36.1693,24.67175,5.1101,0.03915,0.0117,3.5155,17.4812,48.13835,127,38.555,134.32,314,440.965,138.311,84.69,15180,655.5,24.01,2548.5,4.50055,0.3252,13.5671,761.1842,38.20285,10.59,20.58,11.23,21.94
P12,EN,1,2-back,1.938,75.48,14.13,795.095,144.732,160.89865,12.6584,0.0464,0.02765,1.5744,114.00345,170.0879,110.5,33.475,123.62,317,397.865,124.9205,80.29,23474,734,26.255,573,4.6988,0.42695,18.13685,845.6422,50.3213,5.67,16.61,6.2,18.56
P12,EN,1,baseline,0.6875,75.96,3.47,790.33,68.43155,56.1302,8.4907,0.0382,0.01605,2.32445,39.7707,88.28885,142,43.15,123.18,276,529.775,145.121,87.235,14820,528,27.585,4303,4.2239,0.4917,13.42665,923.549,44.314,36.64,23.19,37.11,22.98
P13,EN,2,0-back,0.6875,76.28,7.85,786.57,41.9722,26.9102,8.5308,0.0501,0.0118,4.2498,19.0736,56.2656,79,28.32,132.15,354,248.89,88.108,68.34,11544,918,28.21,727,4.1009,0.3245,29.5852,1238.1117,73.6562,47.54,12.4,48.79,12.46
P13,EN,2,1-back,1,71.68,3.49,837.07,53.1209,33.0468,13.1313,0.0069,0.002,3.3867,23.4231,71.3146,92,32.98,146.74,414,205.09,84.907,61.38,15180,1237,25.35,2548.5,4.7571,0.3911,33.7133,1889.5468,83.2242,10.59,20.58,11.23,21.94
P13,EN,2,2-back,1.938,70.85,14.13,846.86,48.2413,36.0516,15.8163,0.0239,0.0112,2.1243,25.5549,63.1289,83,29.75,144.39,377,218.83,82.498,65.65,23474,1014,25.77,573,4.4274,0.3984,31.8484,985.5223,79.0136,5.67,16.61,6.2,18.56
P13,EN,2,baseline,0.6875,76.94,3.47,779.83,82.747,33.8235,14.0845,0.0103,0.0016,6.6542,23.9676,114.4141,100,35.84,164.38,319,175.06,55.845,58.23,1812,905,26.76,914,3.944,0.3401,37.0403,1071.956,84.151,25.55,24.85,26.89,26.42
P14,EN,1,0-back,1.229,75.39,7.85,795.85,40.4974,24.0609,3.937,0.0573,0.0134,4.2663,17.0473,54.7849,103,30.49,146.25,254,648.23,164.651,88.5,231,559,23.74,8,4.3802,0.448,11.3235,852.9661,32.4406,49.67,7.51,50.32,7.88
P14,EN,1,1-back,1.682,75.68,3.49,792.82,45.3838,26.9558,6.2992,0.0354,0.0067,5.3092,19.0964,61.1337,133,39.37,132.36,302,513.48,155.07,86,15180,617,26.64,2548.5,4.1641,0.455,13.4468,892.612,37.6624,10.59,20.58,11.23,21.94
P14,EN,1,2-back,1.938,75.88,14.13,790.73,162.3914,168.3545,12.1569,0.0574,0.0461,1.2459,119.2754,195.0747,118,34.93,127.25,328,484.23,158.829,85.51,649,679,26.99,573,4.4856,0.4829,13.8367,766.4328,40.7321,6.71,17.2,7.18,18.44
P14,EN,1,baseline,0.6875,71.44,3.47,839.87,282.1885,290.5321,10,0.0024,0.0008,2.9178,205.8681,342.7913,118,34.93,134.33,305,466.94,142.416,84.6,136,639,26.71,124,4.3844,0.4059,14.6393,686.5213,41.7659,4.73,14.61,5.01,15.46
P15,EN,2,0-back,1.483,76.47,5.13,784.64,70.687,47.8516,23.4756,0.0333,0.0112,2.9707,33.8864,94.0144,1,0.23,167,4,183.25,0.733,69.23,20069,7,16.57,1651,3.852,0.3616,11.5308,59.0509,17.3652,51.4,23.1,51.53,17.22
P15,EN,2,1-back,1.682,74.31,3.99,807.41,98.7946,101.286,29.1536,0.0443,0.0163,2.7144,71.7329,120.1394,2623,,,7857,,,,10955,475,,2623,5.1082,0.3629,8.88,,,38.84,21.15,41.32,22.93
P15,EN,2,2-back,1.938,73.05,2.76,821.33,172.898,168.5099,25.4777,0.0227,0.0041,5.5184,119.3428,213.0979,5,1.16,173.4,19,303.53,5.767,77.58,14731,40,21.7,3240,4.6507,0.7799,17.6976,470.9852,45.6699,40.51,21.11,42.65,21.93
P15,EN,2,baseline,2.224,70.47,6.81,851.39,578.5162,589.923,26.7327,0.0292,0.0014,20.5564,417.8308,704.9276,1400,,,13163,,,0,14817,254,,1400,2.9063,0.198,0,0,0,47.91,18.99,50.43,16.07
P16,EN,2,0-back,1.457,63.86,5.13,940.1133333,80.1248,50.94363333,11.78283333,0.014133333,0.0034,3.564233333,36.07503333,107.4428333,87,15.87,179.3233333,119.6666667,188.1533333,26.813,24.87333333,20069,228,27.03333333,1651,3.0692,0.189166667,80.52496667,824.5039667,138.4914333,51.4,23.1,51.53,17.22
P16,EN,2,1-back,2.25,62.73666667,3.99,957.21,77.0348,51.04306667,12.9671,0.0178,0.005533333,3.189633333,36.1461,102.7478,135.3333333,25.18333333,171.3766667,220.3333333,274,59.37533333,25.95,10955,385.3333333,25.12666667,2623,2.9433,0.1746,94.6602,1035.877267,150.3730333,38.84,21.15,41.32,22.93
P16,EN,2,2-back,2.25,60.78333333,2.76,987.23,79.02333333,71.07496667,15.21776667,0.026033333,0.022366667,2.099466667,50.33566667,98.964,209,39.13666667,173.8566667,257,304.2233333,76.46133333,23.00666667,14731,413.3333333,25.8,3240,3.0226,0.281933333,104.8245667,1325.3608,162.8416333,40.51,21.11,42.65,21.93
P16,EN,2,baseline,2.224,63.44,6.81,947.7333333,112.63,92.45386667,12.1738,0.023433333,0.007066667,8.345033333,65.47713333,145.0503667,72,13.15666667,166.6366667,101,284.7833333,25.86566667,45.94,1946,186,28.41666667,21,2.9504,0.188466667,61.075,945.4159333,130.4886333,51.94,11.4,56.14,9.81
P17,EN,2,0-back,1.43,87.24,5.13,687.81,56.47995,43.59395,3.61715,0.01795,0.00535,4.0848,30.87975,72.6918,64,20.245,131.035,294,533.03,156.1185,87.535,20069,504.5,33.445,1651,5.0546,0.4519,18.92665,1310.2051,71.47715,51.4,23.1,51.53,17.22
P17,EN,2,1-back,1.682,97.735,3.99,614.07,54.50915,19.55155,0.6391,0.0029,0.00065,4.6718,13.8473,75.6833,74,23.625,120.12,265,586.965,155.679,87.81,10955,464,34.61,2623,5.3326,0.42835,19.66725,1411.3708,75.1974,38.84,21.15,41.32,22.93
P17,EN,2,2-back,1.938,90,2.76,667.3,57.502,31.25985,5.76535,0.02345,0.00415,7.19775,22.14435,78.11945,86,27.235,128.26,240,615.18,147.8505,86.865,14731,472,34.285,3240,5.304,0.42655,20.7921,1550.17295,80.3395,40.51,21.11,42.65,21.93
P17,EN,2,baseline,1,85.49,6.81,701.845,51.13475,29.29665,5.61705,0.0212,0.0041,5.22795,20.7545,69.3549,79.5,25.26,132.815,254,568.64,144.7235,85.85,1830,495,35.02,0,4.94785,0.49795,22.1587,1798.1087,83.538,50.12,0.42,54.8,0.73
P18,EN,2,0-back,1.403,73.55,5.13,815.72,41.6465,27.3573,7.7586,0.0409,0.0092,4.4477,19.3865,55.5421,132,41.72,119.79,300,479.91,143.972,82.94,20069,745,25.52,1651,4.3782,0.3043,20.5159,891.2788,60.3508,51.4,23.1,51.53,17.22
P18,EN,2,1-back,1.682,73.74,3.99,813.63,44.5823,27.5129,6.8966,0.0469,0.0108,4.3417,19.4966,59.9827,140,44.25,129.53,344,394.85,135.828,79.37,10955,887,24.81,2623,4.3317,0.3309,21.8927,1001.6923,61.523,38.84,21.15,41.32,22.93
P18,EN,2,2-back,2.002,80.15,2.76,748.57,73.3432,53.2656,4.7619,0.0037,0.0013,2.9296,37.6672,83.4267,121,38.24,124.4,308,357.22,110.024,67.56,948,1199,27.38,84,4.576,0.5001,36.3633,1512.5407,87.7182,46.75,11.71,49.56,14.56
P18,EN,2,baseline,2.224,72.91,6.81,822.88,55.0299,34.3966,10.0437,0.0304,0.0078,3.8885,24.3707,73.6105,140,44.25,118.2,297,453.28,134.623,79.88,650,810,26.35,0,4.2413,0.6604,24.509,1190.3579,75.4725,50.58,0.54,55.2,8.87
P19,EE,25,0-back,0.572,90.81,7.22,660.985,15.80265,10.397,0,0.0097,0.0134,0.7173,7.36655,21.0595,4,1.435,122.735,31.5,4974.96,155.4255,97.66,2105,76.5,34.845,854,3.95745,0.2325,6.89145,857.27225,34.8635,68.84,50,17.23,28.61
P19,EE,25,1-back,1.3125,94.885,9.04,632.365,116.4987,110.6514,1.45195,0.05205,0.03265,1.6326,78.40035,145.11025,7,2.88,138.12,69.5,2186.36,153.259,96.385,24945,114,36.07,707,4.1192,0.2421,7.6827,2174.9234,41.19335,74.82,50,8.39,18.49
P19,EE,25,2-back,1.938,95.15,27.29,632.855,104.1315,104.74905,3.0545,0.0317,0.00835,3.1252,74.215,126.89635,17.5,6.395,97.175,155.5,945.635,126.57,91.545,930,262,37,468,4.16145,0.29405,15.1468,1716.93475,67.92635,27.93,33.47,12.58,15.55
P19,EE,25,baseline,1,90.565,5.65,662.63,17.54735,10.89265,0,0.0107,0.01075,0.99415,7.71785,23.48475,12,4.3,120.02,88.5,1694.45,151.114,94.865,5846,169,35.77,4636,3.94535,0.3431,10.874,2034.01545,57.2485,24.61,42.63,13.18,33.92
P20,EE,23,0-back,1.563,78.5,7.22,764.3,34.608,23.2061,2.3109,0.0425,0.0113,3.7515,16.4255,45.9629,86,14.14,211.29,760,285.04,216.631,82.46,20975,1173,28,854,4.0563,0.3246,17.2173,1104.3736,40.2009,77.19,50,11.25,19.99
P20,EE,23,1-back,1.682,78.96,9.04,759.88,47.9932,25.3812,4.6025,0.0277,0.0076,3.6278,17.966,65.4981,135,22.2,199.57,774,271.18,209.893,80.34,640,1256,28.82,3,4.1047,0.3403,20.6355,984.575,53.7012,100,1.28,9.92,2.85
P20,EE,23,2-back,1.938,76.34,27.29,785.92,44.3473,23.8227,2.8078,0.0357,0.0095,3.7605,16.8634,60.3868,109,17.93,195.1,811,266.57,216.187,80.39,23360,1348,27.8,1919,4.1357,0.3008,18.8917,781.4275,44.7538,52.99,50,8.16,22.37
P20,EE,23,baseline,0.6875,83.22,5.65,721.01,46.8275,21.5066,1.7857,0.0119,0.002,6.0124,15.2226,64.3925,92,15.13,196.54,674,295.4,199.098,83.67,15016,994,28.31,214,4.1592,0.41,16.6897,776.4648,39.4306,20.06,41.12,5.03,21.43
P21,YE,16,0-back,1.563,56.97,19,1053.1,106.7126,111.4859,48.4848,0.0443,0.0308,1.4406,79.0301,128.4258,79,22.64,113.48,534,270.53,144.462,74.88,3425,1160,28.37,1332,5.1309,0.3315,26.2845,1532.5669,76.9743,55.53,42.64,7.93,14.15
P21,YE,16,1-back,1.682,55.84,32.69,1074.55,354.6938,279.4939,43.0052,0.0102,0.0011,9.6259,198.1479,461.333,86,24.65,122.09,491,236.34,116.043,69.31,8160,1224,27.37,3527,5.0483,0.4296,30.7899,1442.1914,80.8348,52.74,43.1,7.45,15.18
P21,YE,16,2-back,1.938,58.02,34.15,1034.12,82.9207,61.9552,38.3085,0.0074,0.0068,1.0892,43.9119,107.9881,101,28.95,124.25,445,301.58,134.201,73.17,17961,1111,29.02,1270,4.9342,0.394,29.3955,2155.8955,86.5893,70.08,40.65,14.59,16.05
P21,YE,16,baseline,1.817,58.7,26.4,1022.23,96.0553,75.176,42.8571,0.0055,0.006,0.9051,53.2813,124.6079,72,20.64,103.4,523,287.34,150.277,76.09,19951,1048,32.89,249.5,4.9232,0.3853,25.7627,1047.1774,70.3582,69.49,43.68,9.57,18.26
P22,YE,15,0-back,1.563,76.17,19,787.69,40.3603,44.6998,32.3413,0.0091,0.0254,0.3578,31.639,47.5598,212,31.98,120.9,1018,194.57,198.075,53.49,5280,4455,19.39,1896,4.728,0.3736,32.7189,1647.9398,86.5419,62.87,44.97,5.12,10.47
P22,YE,15,1-back,1.78,74.79,32.69,802.2,44.0572,56.5129,50.2024,0.0121,0.0384,0.3157,40.0012,47.8522,293,44.2,119.38,997,247.83,247.086,69.54,2384,2818,21.46,515,4.5952,0.3435,28.0967,2178.344,83.9693,78.83,30.11,11.99,19.2
P22,YE,15,2-back,1.938,74.04,34.15,810.35,46.2518,60.5957,49.6933,0.0084,0.0282,0.2957,42.8915,49.3616,236,35.6,116.86,881,270.2,238.05,71.56,9290,2408,22.42,3575,4.4652,0.3879,26.8768,3244.2703,86.8434,56.96,44.82,7.89,18.05
P22,YE,15,baseline,1.785,78.67,26.4,762.64,46.5657,47.6999,35.9615,0.0016,0.0038,0.4172,33.7614,56.5864,185,27.91,113.06,898,230.69,207.158,63.48,642,2971,22.63,258,4.7291,0.477,33.2645,1494.7081,88.5092,63.61,46.05,21.45,32.89
P23,YE,14,0-back,1.3125,80.15,19,748.59,52.9829,35.7004,18.5366,0.0233,0.0063,3.6762,25.3057,70.2065,96,37.35,102.47,303,377.47,114.373,79.78,14677,687,29.28,4510,4.3868,0.4098,30.7031,1792.5969,101.1591,61.78,38.07,6.08,10.7
P23,YE,14,1-back,1.682,82.73,32.69,725.26,46.6467,36.9005,17.5355,0.0109,0.0037,2.9277,26.1542,60.4936,98,38.13,112.26,361,302.05,109.04,76.18,640,798,29.83,134,5.0628,0.4826,33.2179,1391.3815,94.229,78.48,34.33,17.04,19.82
P23,YE,14,2-back,1.95,78.76,34.15,761.82,47.3667,41.4343,24.8756,0.005,0.0041,1.2358,29.372,60.3489,106,41.24,120.62,330,232.88,76.851,62.98,2865,1006,28.33,1042,5.2913,0.403,43.8174,1222.2997,100.4836,66.14,40.53,10.62,13.9
P23,YE,14,baseline,,77.34,,775.79,59.4079,51.0862,31.9797,0.011,0.0098,1.1133,36.2098,75.0632,102,39.68,106.59,331,335.51,111.054,78.45,,705,31.31,,4.5894,0.4336,31.3812,1368.3399,92.0875,,,,
P24,YE,8,0-back,1.563,78.3,27.47,766.24,326.2256,349.9538,14.2322,0.0459,0.0103,4.4757,247.9211,389.9987,77,22.5,139.79,467,159.99,74.714,40.71,5195,2534,23.22,1823,4.8612,0.4531,43.3807,1237.8243,88.9178,37.68,25.25,43.53,28.21
P24,YE,8,1-back,1.789,80.7,16.22,743.45,207.3371,202.555,9.4891,0.0401,0.0138,2.9013,143.491,256.3063,114,33.32,149.47,446,164.24,73.249,44.27,110,2079,25.12,98,4.6045,0.565,44.3257,1768.8052,91.9229,6.21,15.24,12.9,34.11
P24,YE,8,2-back,1.938,86.69,38.49,692.15,87.8407,82.0941,2.3729,0.0582,0.0175,3.329,58.1482,110.006,167,48.8,157.68,414,206,85.286,55.97,220,1471,27.09,104,4.2116,0.6144,41.0208,1858.6557,98.1832,44.93,42.89,20.9,24.53
P24,YE,8,baseline,1.785,87.25,22.46,687.65,129.3494,78.6819,4.3771,0.024,0.003,8.0267,55.7307,174.5238,118,34.48,137.92,422,237.64,100.285,59.4,193,1564,25.65,86,4.4913,0.5985,35.9603,1912.8717,89.1651,31.51,29.07,33.86,21.45
P25,YE,11,0-back,1.375,89.88,27.47,667.58,249.0626,271.0879,3.4826,0.0065,0.0104,0.6271,191.9275,295.8634,96,21.39,151.22,538,190.57,102.527,62.39,13590,1478,26.09,4558,4.3216,0.2542,61.2856,1340.2257,151.9951,40.58,27.95,44.75,27.97
P25,YE,11,1-back,1.76,87.64,16.22,684.62,135.7596,67.8213,4.3367,0.014,0.0027,5.1655,48.0183,186.1273,81,18.05,135.77,555,189.23,105.02,64.11,2590,1338,25.16,648,4.191,0.287,57.7058,1195.8701,146.0073,41.65,21.05,50.51,24.13
P25,YE,11,2-back,1.9375,68.64,38.49,874.12,547.8349,509.6562,29.6417,0.0096,0.0032,2.975,360.8302,644.1072,87,19.39,153.24,625,202.93,126.834,65.74,2220,1435,26.07,1018,4.1102,0.3314,61.6252,1195.0745,151.881,39.69,33.28,42.22,30.05
P25,YE,11,baseline,1.3125,91.79,22.46,653.65,34.7532,15.6235,0.4878,0.0157,0.003,5.1699,11.0609,47.8863,128,28.52,161.44,725,183.99,133.39,61.76,14281,1777,26.84,1550,4.4291,0.3265,61.2828,1568.9787,147.9645,98.19,27.57,9.64,26.47
P26,YE,10,0-back,1.563,62.65,27.47,957.77,409.3517,315.1702,25.5,0.0028,0.0016,1.7318,223.1388,534.9047,128,19.94,136.99,674,456.05,307.377,86.34,2540,1052,36.94,600,4.0968,0.2647,23.3035,2600.1279,95.9978,44.22,20.51,49.6,22.48
P26,YE,10,1-back,1.775,67.41,16.22,890.01,248.0881,183.7234,13.4571,0.0104,0.0011,9.3507,130.0634,326.2882,112,17.45,127.67,636,483.48,307.491,86.8,14946,1015,36.41,4239,4.123,0.2384,23.5013,2668.5778,98.6295,48.79,31.68,49.05,25.78
P26,YE,10,2-back,1.938,70.27,38.49,853.85,84.8762,74.0489,21.6036,0.0135,0.0096,1.3982,52.4189,108.0907,140,21.81,136.44,660,448.87,296.252,86.43,5975,1052,34.18,2441,4.0948,0.2792,24.3236,2993.0969,100.9589,42.19,32.58,44.34,28.5
P26,YE,10,baseline,1.785,59.2,22.46,1013.43,702.1021,720.372,35.6201,0.0097,0.0004,27.3575,510.0548,853.3885,80,12.46,129.4,561,518.82,291.057,86.58,2541,895,40.7,431,4.1893,0.3216,25.0936,2059.7443,95.8516,90.63,37.37,16.7,44.97
P27,YE,9,0-back,1.352,83.25,27.47,723.14,134.8201,131.08495,7.36195,0.05805,0.02655,2.1789,92.97175,166.52175,36,14.785,161.365,400,190.305,75.8445,68.2,1571,893.5,26.065,472,3.92175,0.26585,55.26965,1241.592,142.87645,42.76,17.33,52.1,21.57
P27,YE,9,1-back,2.515,83.955,16.22,714.76,87.39765,75.3196,4.0002,0.0537,0.02235,2.5075,53.39095,111.57655,51,21.615,148.08,382.5,179.5,68.6515,65.36,2539,958.5,24.36,1686,4.09225,0.27605,62.4747,1429.92485,155.91535,31.91,46.91,11.55,29.57
P27,YE,9,2-back,2.5625,63.595,38.49,962.295,515.5435,412.2681,28.34515,0.0233,0.00905,2.5693,292.60725,666.00805,43,18.61,143.495,329.5,174.875,63.236,53.175,9787,1084.5,22.24,4199,4.1883,0.23435,72.31995,1240.3178,169.3068,34.77,28.37,36.26,27.57
P27,YE,9,baseline,2.5625,79.15,22.46,766.85,244.097,252.66715,16.64715,0.0409,0.01845,2.5333,179.24565,296.0637,59.5,24.595,162.34,295,221.535,65.4975,71.875,1566,620.5,27.1,241,3.7613,0.32235,48.547,1531.70105,133.90485,90.76,34.28,9.19,26.21
P28,YE,22,0-back,2.25,80.32,30.85,747.01,136.3689,157.2043,14.375,0.0377,0.0734,0.5133,111.5105,157.8566,43,21.34,179.12,277,182.49,50.551,63.09,10760,720,24.27,1332,3.5803,0.2676,61.3049,1205.237,153.7396,23.73,28.84,10.64,27.51
P28,YE,22,1-back,2.25,57.8,17.923,1038.12,699.5717,671.9721,54.3103,0.0172,0.0128,1.3422,477.2337,869.5442,43,21.34,171.65,282,191.64,54.043,60.26,15292,811,23.86,515,4.0023,0.3056,73.7887,1207.8371,171.9426,22.4,32.2,9.51,24.56
P28,YE,22,2-back,2.5625,54.08,17.36,1109.47,850.7193,979.1385,41.6667,0.0361,0.0085,4.2597,695.6133,986.8454,67,33.25,141.6,220,142.5,31.35,37.79,19192,1015,24.38,1270,4.1743,0.3063,101.4395,1563.175,199.1721,33.66,39.1,8.71,21.5
P28,YE,22,baseline,2.017,72.1,23.66,832.15,395.7564,288.6286,16.6667,0.0197,0.0026,7.5518,204.0189,432.3806,37,18.36,141.78,199,282.39,56.196,78.17,16747,374,29.85,249.5,3.4361,0.2674,38.5596,1359.9787,118.4259,0.75,7.43,0.6,6.04
P29,YN,2,0-back,1.78,77.795,11.965,784.085,294.04065,94.6984,5.71705,0.01275,0.0054,2.8154,67.15795,411.05885,111.5,53.445,152.255,261,255.34,66.3585,66.255,3471,731,29.3,2095,4.0828,0.5043,38.11665,2888.99945,104.3618,20.58,26.41,9.87,22.96
P29,YN,2,1-back,1.938,86.895,17.36,690.545,30.8477,17.7053,0.55305,0.0142,0.00405,3.5317,12.55405,41.83765,88.5,41.75,150.035,294.5,250.23,73.3005,68.56,2540,825.5,24.205,1835,4.30915,0.6916,28.59525,1488.26025,82.0178,25.02,38.13,4.46,16.85
P29,YN,2,2-back,2.295,79.785,23.66,755.165,354.6886,339.2816,4.3037,0.0037,0.0017,2.73095,240.7176,441.6997,61.5,28.75,145.545,287,249.02,71.5165,65.575,2540,890.5,23.47,926,4.79425,0.4449,27.47175,1650.85925,77.58385,28.83,23.47,13.52,27.55
P29,YN,2,baseline,1.571,72.435,30.85,860.02,450.7318,552.62845,18.87405,0.02605,0.019,2.1822,392.2181,501.89215,108.5,51.225,147.245,230.5,273.855,63.1985,66.645,3490,666.5,30.085,2028,3.9825,0.5766,38.7527,1616.67865,106.27315,29.77,39.02,7.1,24.91
P30,YN,2,0-back,1.78,76.69,11.965,782.6,62.0772,27.5819,7.5385,0.01995,0.0063,3.08275,19.5333,85.03235,97,32.6,152.87,289.5,263.44,76.2945,65.895,2540,518,28.085,2049,4.05905,0.21665,39.06265,1123.36685,98.5502,12.48,25.18,5.9,21.64
P30,YN,2,1-back,2.5625,66.07,17.36,924.39,570.08715,540.097,15.90605,0.0185,0.00175,13.88845,383.22365,710.785,83,27.765,135.415,355,265.47,94.317,70.575,1566,749,25.82,958,4.25415,0.3172,30.2915,1433.35825,83.8459,27.31,35.22,3.76,22.52
P30,YN,2,2-back,2.5625,63.455,23.66,968.1,433.47235,458.3107,34.2604,0.02465,0.0128,1.8439,325.24845,519.2732,81.5,26.725,146.22,261,301.02,77.72,65.635,1566,572,23.785,813,3.9782,0.3075,32.14355,1479.1661,87.59565,26.43,24.83,12.87,27.56
P30,YN,2,baseline,1.546,76.175,30.85,788.01,66.92995,34.5812,8.37925,0.01275,0.003,4.32075,24.5094,91.0205,65.5,21.985,164.37,219.5,254.605,56.2135,70.435,3471,421,25.735,2385,3.94855,0.26185,26.72565,842.73065,67.0523,20.89,30.21,5.85,19.43
P31,YN,2,0-back,1.789,63.13,11.965,950.43,710.7501,299.9878,16.4491,0.0014,0.0002,8.9104,212.4016,983.5824,102,16.78,132.96,481,630.73,303.379,89.39,1635,820,33.23,1243,5.1166,0.4602,16.6665,1213.2238,67.0979,13.19,25.2,3.06,15.12
P31,YN,2,1-back,1.938,85.26,17.36,703.7,147.9959,151.604,8.7041,0.0187,0.0083,2.2485,107.3042,179.928,84,13.82,126.55,522,599.11,312.734,90.3,641,809,32.69,482,5.1822,0.4214,15.7028,1498.7107,64.1453,16.02,25.07,1.99,15.11
P31,YN,2,2-back,2.295,73.1,23.66,820.82,552.7232,386.4032,12.4153,0.0032,0.0006,5.6183,273.5379,733.14,115,18.92,128.37,500,602.83,301.414,89.03,641,844,33.32,475,5.1236,0.4485,18.1631,1430.6572,74.0383,16.62,23.38,9.94,21.77
P31,YN,2,baseline,1.541,84.19,30.85,712.68,242.2191,212.6087,7.6471,0.0206,0.0007,27.8915,150.4799,305.9332,116,19.08,123.29,488,602.45,293.995,88.65,5321,827,34.84,3698,5.317,0.5058,18.4439,1572.255,73.8574,18.72,26.42,8.29,21.22
P32,EE,22,0-back,0.572,83.07,6.67,722.27,27.8036,25.3823,1.2048,0.0096,0.0072,1.3275,17.9696,34.9997,48,9.57,126.44,326,659.51,215.001,94.07,925,421,22.41,268,2.8,0.0879,10.5112,1363.2483,45.4128,53.7,38.92,50.33,27.82
P32,EE,22,1-back,0.6875,81.44,10.74,736.71,16.8833,15.8918,1.2285,0.0039,0.0116,0.3348,11.2507,20.96,24,4.79,129.83,327,660.34,215.932,94.52,1865,413,20.78,464,2.8016,0.1305,8.285,1306.9814,28.969,41.58,24.95,54.19,32.3
P32,EE,22,2-back,1.625,52.65,7.13,1139.59,1154.7518,831.0492,26.9962,0.0045,0.0006,7.7339,588.7652,1526.0957,16,3.19,159.44,118,606.08,71.517,90.79,1680,182,27.75,1043,3.2897,0.5418,15.6861,1306.6411,62.7573,24.48,31.28,25.54,35.46
P32,EE,22,baseline,2.145,85.99,12.56,697.78,23.3999,12.5168,0.4651,0.003,0.0024,1.2563,8.8591,31.6575,61,12.17,121.69,263,792.35,208.387,94.08,1545,354,25.97,159,2.7349,0.1242,9.5942,1398.6429,41.8874,48.78,14.71,64.99,20.36
P33,EE,20,0-back,0.572,73.67,6.67,814.45,186.3635,227.2301,25.2033,0.0431,0.0626,0.6885,160.9267,182.7815,43,12.83,144.86,251,380.02,95.386,85.2,1375,438,22.94,414,2.9088,0.1878,14.8567,2404.9784,62.9065,39.92,25.95,51.11,29.29
P33,EE,20,1-back,1.78,71.45,10.74,839.78,27.1955,24.3185,5.042,0.0116,0.0095,1.2233,17.2286,34.0482,19,5.67,174.63,65,214.08,13.915,73.5,1485,127,20.09,318,2.8017,0.1889,23.6348,1023.1708,79.6275,49.95,29.62,55.31,22.92
P33,EE,20,2-back,1.956,67.66,7.13,886.85,311.7421,270.9503,33.6283,0.018,0.0053,3.3873,192.0038,395.1237,22,6.56,158.41,74,250.45,18.533,77.55,1670,122,24.9,480,2.693,0.2384,21.2436,2319.3244,85.4117,40.99,27.09,52.57,30.17
P33,EE,20,baseline,1.822,74.92,12.56,800.87,26.387,22.6895,2.8,0.02,0.0126,1.5866,16.075,33.4633,9,2.69,120.33,232,517.13,119.974,92.89,100,307,22.72,9,2.7241,0.1432,11.9653,1387.2083,54.95,51.21,12.44,70.78,22.07
P34,EE,18,0-back,1.563,76.345,6.67,786.135,95.134,89.1784,8.33335,0.0305,0.01295,2.5208,63.2509,119.11145,9,3.51,123.81,157.5,931.485,136.459,96.43,14796,177.5,25.775,854,2.6728,0.0989,8.22015,1721.009,40.29505,38.76,23.91,49.58,28.54
P34,EE,18,1-back,1.78,76.95,10.74,780.18,36.6889,26.7723,5.73475,0.01555,0.00985,1.52325,18.98205,48.328,11,4.285,109.1,159.5,748.595,103.4515,92.6,3605,238.5,23.935,547,2.822,0.198,12.695,1491.5812,73.15285,44.64,17.32,55.92,19.87
P34,EE,18,2-back,1.938,76.235,7.13,787.42,104.4434,103.75685,2.62235,0.00565,0.0045,1.20825,73.40355,81.79155,10,3.97,115.74,82,573.25,50.846,89.225,15438,119,22.74,3298,2.9445,0.12395,16.0196,1535.11225,75.12515,42.77,20.06,55.55,24.38
P34,EE,18,baseline,2.145,78.5,12.56,764.44,19.11375,16.9731,0.4695,0.0061,0.00925,0.66665,12.0326,24.25025,12.5,4.88,137.7,145,913.26,129.171,95.63,14136,182.5,25.24,4032,2.61585,0.1042,8.98875,756.2279,35.5952,48.97,27.61,41.03,18.54
P35,EE,17,0-back,0.572,65.685,6.67,913.45,37.5976,30.5802,9.91455,0.0373,0.0183,2.00285,21.67735,48.2923,37.5,13.005,238.51,363.5,299.76,108.54,78.81,2540,615.5,28.75,949,3.8462,0.3854,22.7869,1053.40725,59.2505,37.37,24.09,45.71,28.35
P35,EE,17,1-back,1.78,74.87,10.74,802.34,109.2031,29.5945,8.2871,0.00135,0.0003,5.44995,20.9717,153.19875,36.5,12.14,213.265,369,336.97,122.8065,84.415,9767,626,25.24,1303,4.17695,0.4387,16.08255,788.6722,40.2838,47.57,17.21,58.22,18.07
P35,EE,17,2-back,2.5625,69.34,7.13,865.525,65.22935,55.40305,12.0825,0.00655,0.00395,2.22375,39.2679,80.74145,16,5.385,187.355,326,437.335,140.715,83.565,2540,570,20.15,821,3.9046,0.34495,15.4112,945.1977,41.67075,41.75,21.43,52.36,26.6
P35,EE,17,baseline,2.145,63.52,12.56,944.62,50.8829,37.62465,18.01015,0.03415,0.00975,3.63805,26.6785,66.97625,29.5,10.035,194.36,295,290.585,84.417,82.81,2541,429.5,30.485,744,3.6888,0.3763,19.41955,1119.49285,53.22505,54.41,37.43,40.43,20.86
P36,YE,20,0-back,1.563,51.61,4.96,1162.47,952.7099,1020.6578,45.8204,0.0143,0.0055,2.6091,722.8357,1139.1597,132,20.47,152.03,753,262.46,197.636,64.05,440,1787,24.36,236,4.2623,0.2857,31.4835,1162.039,71.9261,47.26,49.64,3.37,10.74
P36,YE,20,1-back,1.78,64.22,5.58,934.24,524.8081,400.3514,26.1501,0.011,0.0009,11.759,283.4354,686.8345,128,19.85,147.91,730,247.39,180.598,59.55,110,1891,24.5,80,4.1964,0.2607,33.6001,1339.5519,73.7162,30.9,46.86,1.41,4.25
P36,YE,20,2-back,1.963,67.77,6.26,885.31,371.5164,348.107,19.5402,0.0109,0.0032,3.4316,246.4328,464.5884,108,16.75,167.77,691,272.04,187.982,73.78,691,1498,25.6,224,4.2725,0.3186,25.2239,1161.9814,62.2492,77.31,50,7.49,14.27
P36,YE,20,baseline,0.6875,50.91,5.5,1178.62,1240.5522,1384.7347,44.3077,0.0088,0.0003,28.0373,980.6497,1451.0106,61,9.46,147.33,807,214.77,173.317,65.16,17090,2435,21.37,249.5,4.1858,0.3845,25.7175,902.1586,52.5813,82.39,50,16.65,20.67
P37,YE,18,0-back,1.625,67.02333333,4.96,905.56,289.9791333,334.0607333,26.71926667,0.021666667,0.019566667,2.556333333,236.6947,332.4096667,155.3333333,36.87333333,161.72,593.6666667,177.6733333,107.651,51.43333333,25626,2160.666667,27.65666667,1332,4.255966667,0.3258,73.72236667,1760.518433,184.6585667,73.09,49.29,5.43,23.34
P37,YE,18,1-back,1.625,69.69666667,5.58,863.0266667,133.4153,111.427,23.74903333,0.026866667,0.0133,4.0669,78.9231,171.3912,171,41.72333333,162.1266667,507.3333333,157.0833333,85.133,43.12,1276,2103.666667,28.28333333,116,4.2318,0.341466667,88.43773333,2159.217967,203.0609,100,29.4,7.27,11.32
P37,YE,18,2-back,,62.31,,966.4266667,384.475,366.4132333,28.59536667,0.0054,0.0027,2.910133333,259.5838333,472.5214333,123.3333333,29.93666667,170.3966667,559.6666667,163.8633333,93.304,48.78,,2096.666667,26.73,,4.135666667,0.3154,73.87106667,1830.503133,187.6754667,,,,
P37,YE,18,baseline,1.785,60.75,5.5,1063.65,413.8656333,266.8371333,24.75923333,0.019966667,0.0074,4.117333333,189.3011667,555.0573,132.6666667,31.28333333,159.4166667,549.6666667,190.6933333,104.0746667,54.58666667,640,1921,27.72666667,209,4.144966667,0.362066667,61.83553333,1988.384967,167.2095667,80.93,50,21.16,30.79
P38,YN,2,0-back,1.78,58.7,14.21,1027.61,75.2234,68.1488,41.0888,0.03055,0.0216,1.72885,48.38575,94.04085,115,51.89,124.57,261,283.095,73.432,66.385,10517,775.5,31.015,1001,4.5481,0.4521,40.65235,1483.06575,103.9583,23.3,42.97,4.2,20.78
P38,YN,2,1-back,1.938,69.275,8.58,866.51,121.46615,43.81475,21.78595,0.0253,0.00285,5.65265,31.07275,168.7087,103,47.935,137.125,247,305.34,74.5225,67.955,6034.333,770.5,28.99,765.25,4.86025,0.5396,36.22165,1624.9875,97.91375,35.313,29.128,20.823,17.271
P38,YN,2,2-back,2.295,66.645,9.66,900.455,76.07865,47.58975,21.85745,0.0099,0.00625,1.67135,33.7592,100.98205,85.5,40.57,130.885,205.5,463.63,78.1675,70.245,13870,675,29.055,543,5.1161,0.4278,29.62965,1858.9183,87.86445,30.48,27.76,9.27,22.36
P38,YN,2,baseline,1.536,58.95,10.04,1020.36,85.9067,51.98935,35.64935,0.0196,0.00715,2.71745,36.9081,115.77455,101,46.525,127.335,271.5,266.015,72.1505,69.47,5872,651,33.04,3236,4.33445,0.41535,35.29875,1517.78025,93.3452,24.61,29.76,8.85,27.29
P39,YN,2,0-back,1.78,54.27,14.21,1105.49,72.3682,71.3209,45.3782,0.0384,0.0204,1.8834,50.6444,89.284,103,46.26,127.2,305,266.75,81.358,69.84,8875,781,28.92,1001,4.5718,0.4604,34.8305,1819.9125,97.7519,22,42.11,2.05,15.02
P39,YN,2,1-back,1.938,61.92,8.58,968.92,141.0438,55.4681,34.5588,0.0013,0.0008,1.6762,39.3647,196.2124,112,50.3,138.66,273,270.85,73.943,63.83,19288,915,28.2,716.5,4.8128,0.5968,42.2581,1686.5435,111.7316,39.43,49.6,6.37,22.99
P39,YN,2,2-back,1.625,57.95,9.66,1035.46,88.3355,79.4284,50.7812,0.0229,0.0406,0.563,56.3777,109.6483,134,60.18,146.37,216,134.36,29.021,27.98,4056,1585,26.59,1734,5.1692,0.6608,80.4139,2430.8355,159.6862,26.09,22.22,10.07,23.46
P39,YN,2,baseline,1.531,58.13,10.04,1032.15,104.8045,55.6131,39.8438,0.0065,0.0022,2.9185,39.48,143.4159,97,43.56,127.02,249,279.45,69.583,72.01,8909,557,33.58,2028,4.1299,0.4332,37.2984,3063.8368,114.0949,24.92,33.89,7.81,23.8
P40,YN,2,0-back,1.625,64.38,14.21,932,702.5357,401.9778,25.5263,0.0004,0,16.7296,284.578,944.4217,399,66.6,210.38,431,199.52,85.995,37.95,1386,2144,25.16,1021,3.0136,0.397,99.8241,1623.8759,208.6972,13.08,22.44,3.71,16.33
P40,YN,2,1-back,1.625,69.47,8.58,863.68,303.1385,273.152,11.7207,0.0011,0.0003,3.3658,193.3895,383.1605,386,64.43,203.09,446,170.22,75.916,36.94,3059,1929,25.27,1635,2.9132,0.3567,103.3003,1657.4459,211.4898,40.15,43.61,4.7,21.54
P40,YN,2,2-back,2.295,68.49,9.66,876.09,130.2227,110.7466,19.3154,0.0441,0.0073,6.0244,78.4053,166.6665,387,64.59,202.12,390,215.6,84.085,36.71,640,1531,25.18,486,3.0923,0.3977,107.7313,1614.0044,218.7596,17.05,25.05,10.4,21.93
P40,YN,2,baseline,1.563,52.4,10.04,1144.97,901.9463,742.065,36.1022,0.0051,0.0004,11.5245,525.5621,1164.2878,211,35.22,177.51,553,289.95,160.341,68.53,5490,1228,29.88,4039,3.5467,0.3643,55.1418,1619.4274,153.3955,16.79,26.5,6.41,19.08
P41,EN,1,0-back,1.526,81.23,9.5,738.67,287.0745,296.9188,9.7166,0.0267,0.0035,7.5769,210.3814,348.0944,84,27.14,172.42,424,232.98,98.785,67,3875,1032,21.2,3008,3.4389,0.2175,28.5578,1265.6595,67.2457,17.57,31.6,10.16,19.96
P41,EN,1,1-back,1.78,74.06,7.5,810.15,683.3575,680.6256,12.7193,0.0039,0.0026,1.4893,482.3385,839.769,85,27.46,169.78,461,212.3,97.868,63.09,9318,1081,20.71,2548.5,3.5446,0.3093,31.1003,862.9249,64.9935,36.16,50,2.91,14.91
P41,EN,1,2-back,1.938,83.47,17.44,718.83,168.4359,208.69,21.4008,0.0119,0.0204,0.5834,147.8552,187.0936,33,10.66,148.97,160,217.24,34.759,67.32,665,399,21.16,146,3.8765,0.3376,29.4743,929.6176,65.8009,49.51,28.09,51.91,38.93
P41,EN,1,baseline,1.822,86.73,22.53,691.81,188.6204,171.8577,9.7378,0.0538,0.0111,4.8595,121.7508,237.8748,87,28.11,157.6,376,231.84,87.172,64.79,20245,812,22.71,417,3.2687,0.2954,35.6358,1069.7567,88.4166,9.46,29.39,2.51,11.07
P42,EN,1,0-back,1.519,88.8,9.5,675.66,51.0233,25.5095,3.0303,0.006,0.0029,2.073,18.0719,69.9693,45,15.03,121.56,267,563.69,150.505,88.75,16235,427,34.45,703.5,5.1126,0.4319,18.814,1998.3455,74.1728,41.25,50,0.28,7.52
P42,EN,1,1-back,1.78,89.65,7.5,669.24,75.6263,44.8538,4.4944,0.0083,0.0051,1.6181,31.7761,102.3119,72,24.05,126.17,306,467.55,143.071,86.52,692,530,30.8,606,5.5226,0.5119,19.4014,2715.1473,84.1213,17.17,38.36,1.14,8.77
P42,EN,1,2-back,1.938,87.4,17.44,686.48,49.3904,29.2236,5.7692,0.0205,0.0064,3.1806,20.7014,66.1202,75,25.06,127.6,273,489.72,133.694,85.32,2370,502,34.02,804,5.5439,0.464,22.3532,1394.3843,83.4314,38.63,27.58,35.38,27.3
P42,EN,1,baseline,2.224,87.51,22.53,685.64,59.7654,56.9856,4.2308,0.0552,0.0214,2.5756,40.3723,74.357,56,18.71,129.75,272,495.35,134.734,86.08,640,463,36.29,609,4.8972,0.5219,22.8557,1394.6383,83.5981,7.27,24.86,1.86,7.27
P43,YN,2,0-back,1.78,65.18,8.41,920.53,86.9937,68.5822,19.0661,0.0244,0.0285,0.8553,48.5897,113.2451,154,38.84,166.4,329,139.16,45.783,33.31,4560,1856,28.96,975,3.9087,0.3039,110.6746,2070.5506,240.447,63.99,30.84,47.98,15.58
P43,YN,2,1-back,1.97,63.79,7.75,940.54,250.4394,198.544,30.1587,0.0101,0.0024,4.1681,140.6723,325.7775,171,43.13,178.86,290,114.35,33.162,25.04,7325,2013,28.46,951,3.8784,0.3393,128.2231,2051.2779,256.8134,51.06,22.41,47.93,15.97
P43,YN,2,2-back,2.295,54.88,6.36,1093.34,415.3937,413.8037,42.3963,0.0079,0.0046,1.7359,293.2831,509.4458,185,46.66,178.97,322,110.86,35.697,24.43,2688,2177,29.56,1532,4.3118,0.4093,134.4211,2402.2213,256.6225,28.31,31.54,25,27.31
P43,YN,2,baseline,1.511,60.01,6.42,999.77,361.1748,381.2695,27.4262,0.0159,0.0022,7.2139,270.168,433.7565,169,42.62,181.62,367,142.66,52.358,36.42,195,1888,26.32,93,3.8503,0.366,83.3273,1722.4114,191.5708,38.68,33.57,29.13,24.99
P44,YN,1,0-back,1.774,58.09,8.41,1032.92,421.9094,356.2328,45.2381,0.0171,0.0037,4.5658,252.3726,537.4487,128,29.35,171.85,477,149.35,71.239,41.92,3521,2154,26.06,981,3.7853,0.496,88.7351,2065.2071,213.8285,49.21,19.59,47.07,15.17
P44,YN,1,1-back,1.938,65.75,7.75,912.61,76.003,38.6761,17.1329,0.0139,0.0026,5.2948,27.3957,104.0857,79,18.11,170.92,194,138.76,26.92,41.04,896,798,27.69,83,3.7389,0.2354,88.4454,2008.0767,212.0025,51,17.93,48.67,11.97
P44,YN,1,2-back,2.295,65.04,6.36,922.57,147.8259,109.6905,15.2482,0.0149,0.0028,5.2921,77.7007,194.313,165,37.83,179.8,389,147.13,57.234,41.91,890,1691,27.17,217,4.3608,0.4475,89.7139,1786.2128,210.2917,48.17,13.39,46.13,13.83
P44,YN,1,baseline,1.506,55.43,6.42,1082.39,704.6112,746.8912,44.5833,0.028,0.0027,10.2432,529.2402,846.7566,142,32.56,187,473,159.94,75.651,48.67,7590,1760,27.37,1629,3.9394,0.3635,84.3593,1811.5691,213.8145,53.29,23.19,47.8,14.96
P45,YN,1,0-back,1.78,23.08,8.41,2599.73,2599.6505,3106.5805,68,0.0455,0.0061,7.4936,2218.5454,2923.3839,86,39.26,159.16,243,237.42,57.692,65.9,1380,684,26.65,330,3.8603,0.5724,32.9199,2564.5495,94.4968,52.85,22.93,48.21,14.92
P45,YN,1,1-back,1.938,44.81,7.75,1339.08,1223.1197,1288.3594,53.6842,0.0167,0.0011,15.7122,915.8808,1477.0081,100,45.65,142.61,251,287.99,72.286,71.8,1435,668,26.71,145,4.4852,0.7656,29.0424,1618.298,80.5897,53.11,23.17,46.91,14.51
P45,YN,1,2-back,2.295,57.02,6.36,1052.19,645.9565,776.899,61.7886,0.0291,0.0284,1.026,551.2501,678.6615,65,29.67,170.8,330,182.85,60.342,54.63,2758,1248,20.66,595,5.4017,0.3263,26.6854,1294.2149,53.0482,67.15,31.65,5.5,12.86
P45,YN,1,baseline,1.5,67.48,6.42,889.12,597.6384,472.0988,22.069,0.0395,0.004,9.805,334.9884,779.0573,131,59.8,168.56,236,212.85,50.233,55.32,1481,862,27.13,334,4.101,0.5769,38.8908,1098.165,93.8363,51.61,20.54,47.77,14.01
P46,YN,2,0-back,1.78,48.99,8.41,1224.74,212.0746,218.9006,68.9441,0.0069,0.0097,0.7123,155.0278,257.0955,490,74.28,163.35,98,131.16,12.854,35.61,1370,412,22.24,300,4.5653,0.3081,34.1928,845.3371,66.9237,57.72,28.06,46.3,13.85
P46,YN,2,1-back,1.938,47.36,7.75,1266.84,195.0427,142.9051,68.4887,0.0157,0.0119,1.3136,101.2125,257.0543,422,63.97,181.87,73,194.52,14.2,60.76,1370,172,22.08,228,4.3664,0.3032,28.6861,901.7124,74.2597,52.76,26.96,44.56,16.18
P46,YN,2,2-back,2.295,46.95,6.36,1277.98,150.7314,159.4246,64.7249,0.0243,0.0301,0.8067,112.9113,180.732,344,52.15,175.86,72,184.85,13.309,60.55,2096,164,19.95,491,4.4247,0.3227,25.8855,1224.759,69.1559,66.62,32.92,4.15,8.98
P46,YN,2,baseline,1.495,46.87,6.42,1280.01,386.4906,273.0434,69.4805,0.0041,0.0045,0.8996,193.3851,508.71,337,51.09,166.21,148,180.21,26.671,54.97,1370,356,22.82,280,4.4906,0.3515,28.7563,1031.1483,66.4029,51.7,23.03,46.12,14.64
P47,YE,12,0-back,1.563,75.685,6.3,794.19,48.86445,49.248,36.4025,0.00965,0.01935,0.78245,34.90245,58.9101,118,39.595,109.265,460,223.99,100.4455,61.95,10208,1524.5,24.145,2354,4.6362,0.37835,38.71225,2906.66225,98.744,38.41,18.37,49.87,23.47
P47,YE,12,1-back,,76.245,,786.955,43.4498,49.08135,32.7127,0.0074,0.0099,0.6743,34.78545,50.6539,124,42.15,106.84,462.5,211.76,95.4215,58.61,,1607,24.99,,4.6602,0.43085,43.29235,2552.325,109.01305,,,,
P47,YE,12,2-back,1.938,78.51,3.82,764.255,55.52925,42.7726,12.80845,0.0067,0.00495,1.3338,30.29895,68.3283,121.5,41.765,114.67,418.5,207.555,86.4395,57.025,9594,1539,23.86,2462,4.72745,0.39495,43.1363,1505.4901,104.5146,45.35,20.53,42.47,19.77
P47,YE,12,baseline,1.785,75.03,13.67,799.69,59.93755,51.46895,36.95715,0.00655,0.0127,0.5521,36.47305,75.93675,106.5,35.74,103.44,445.5,222.265,99.2145,60.52,5424,1517.5,24.745,4239,4.54605,0.3921,40.5456,2094.8068,102.31605,25.96,45.02,7.9,25.94
P48,YN,1,0-back,1.78,44.53,14.46,1347.26,1413.2639,1438.5253,65.2542,0.0048,0.0006,7.3798,1021.5658,1726.8679,222,83.11,204.26,184,205.84,37.874,32.88,11518,739,30.42,1001,3.2035,0.3832,130.4574,1643.5208,236.3378,34.72,28.95,23.51,22.33
P48,YN,1,1-back,1.938,50.79,17.36,1181.37,695.591,535.8369,51.1111,0.0008,0.0006,1.3969,380.3147,910.7789,193,72.25,190.74,204,174.56,35.61,41.52,10459,694,30.42,716.5,3.4397,0.4534,100.1498,1588.265,196.8975,33.93,32.65,20.18,23.01
P48,YN,1,2-back,1.687,29.15,7.69,2058.67,2169.1237,2698.1591,88.3117,0.0217,0.0023,9.4497,1920.5625,2405.9481,212,79.37,192.17,199,191.97,38.202,25.74,974,936,26.39,375,3.5759,0.3213,139.6054,1625.3877,247.3241,38.89,28.45,19.21,25.5
P48,YN,1,baseline,1.563,63.58,7.25,943.73,303.3854,365.4936,43.4524,0.0262,0.0289,0.9064,259.2187,343.2052,152,56.9,197.93,206,242.27,49.907,53.01,3665,601,33.54,3630,3.3991,0.3505,86.5686,1603.3727,190.1236,0.49,5.07,0.82,7.71
P49,YN,1,0-back,1.78,54.69,14.46,1097.24,164.85815,122.01565,56.8984,0.02055,0.0134,1.48905,86.576,216.9493,214,75.115,182.745,109.5,155.945,17.0045,27.545,11518,567,26.35,1001,4.25445,0.42315,70.6029,1374.77435,139.76435,34.72,28.95,23.51,22.33
P49,YN,1,1-back,1.817,56.25,17.36,1067.35,249.621,205.6108,44.0976,0.012,0.0182,2.2813,145.90855,318.0188,181,65.2,175.465,109,167.685,18.123,27.92,13374,375,26.96,716.5,4.5996,0.36315,70.22165,1331.4641,145.7727,0.04,2.14,0.16,3.59
P49,YN,1,2-back,1.938,53.405,7.69,1129.275,360.5663,484.77895,53.7245,0.00645,0.008,0.7239,344.0428,373.83295,172.5,62.815,169.32,160.5,201.735,32.847,50.12,13954,532,26.675,4781,4.73905,0.34865,52.86985,1220.4079,121.1775,42.41,24.44,27.73,20.99
P49,YN,1,baseline,0.6875,53.105,7.25,1130.835,198.3629,209.2462,53.5144,0.0377,0.0516,0.73895,148.47035,238.68635,222.5,76.85,169.425,134.5,150.185,19.287,32.825,21066,675,26.12,2028,4.12725,0.40965,67.96805,1381.3771,138.41295,42.53,25.91,19.57,18.54
P50,YN,1,0-back,1.78,47.98,14.46,1250.6,93.8243,97.9144,58.8235,0.0397,0.0345,1.1506,69.4886,113.1299,241,84.38,158.45,162,162.01,26.246,31.69,11518,856,25.98,1001,4.2717,0.3522,74.7877,1496.0171,148.7534,34.72,28.95,23.51,22.33
P50,YN,1,1-back,1.891,54.63,17.36,1098.29,252.0472,271.6927,68.3871,0.0443,0.1009,0.4389,192.7395,300.7952,204,71.43,175.41,107,138.58,14.828,18.86,10459,613,24.93,716.5,4.4168,0.4659,90.509,1619.2144,176.972,33.93,32.65,20.18,23.01
P50,YN,1,2-back,1.982,57.22,7.69,1048.6,274.352,311.3558,70.9877,0.0419,0.0978,0.4279,220.8358,318.3541,192,67.23,172.24,126,167.61,21.119,30.91,364,716,24.6,116,4.5501,0.4204,65.7437,1160.7114,135.8747,52.42,26.57,27.72,15.03
P50,YN,1,baseline,1.489,49.61,7.25,1209.48,144.4357,115.3952,56.7376,0.0194,0.0153,1.2651,81.8815,182.5476,204,71.43,158.47,128,191.29,24.485,39.3,640,839,25.39,143,4.3993,0.5183,70.1057,1709.3871,153.66,45.38,20.34,25.95,13.74
P51,EN,2,0-back,1.556,74.86,9.68,801.49,41.6371,31.4204,8.3333,,0.0275,,22.5277,53.9698,277,,,8681,,,,9193,235,,277,,,8.54,,,50.25,13.65,53.02,8.35
P51,EN,2,1-back,1.682,73.01,14.25,821.81,41.3903,39.1261,23.5294,,0.039,,28.0358,50.9903,4,,,971,,,,998,23,,4,,,8.28,,,48.42,3.02,52.54,1.69
P51,EN,2,2-back,1.938,72.43,21.16,828.41,48.0059,50.3802,32.3529,,0.045,,36.0643,54.9117,436,,,7990,,,,8918,492,,436,,,13.17,,,50.84,18.16,52.91,11.84
P51,EN,2,baseline,1.817,74.99,5.77,800.11,32.1976,31.2051,14.2857,,0.0391,,22.3862,40.1988,417,,,3121,,,,4207,669,,417,,,23.76,,,45.73,13.59,60.97,17.29
P52,EN,2,0-back,1.556,75.82,9.68,791.385,34.404,30.2385,10.458,0.02605,0.0316,0.804,21.4305,43.2562,48,,,931,,,,998,19,,48,,,7.63,,,47.12,11.08,51.68,10.09
P52,EN,2,1-back,1.682,74.655,14.25,803.995,36.703,28.84605,8.7257,0.039,0.02185,1.7499,20.4436,47.5121,2474,,,4618,,,,8686,1594,,2474,,,26.09,,,42.98,18.14,54.06,23.4
P52,EN,2,2-back,1.938,75.365,21.16,796.35,37.016,30.2741,5.477,0.0261,0.0068,3.8442,21.4524,46.8929,1,0.33,350,1,67,0.067,36.36,998,3,39,110,4.1508,0.1597,65.4634,142.1412,54.7676,48.13,22.66,49.76,16.76
P52,EN,2,baseline,1.9375,76.05,5.77,789.48,42.97835,28.47675,9.6104,0.024,0.01245,1.94895,20.18145,57.08755,2,0.77,100,17,256,4.352,78.6,16062,25,35.28,2272,2.8526,0.209,31.2575,723.5869,92.1522,45.98,14.39,61.4,19.83
